arquivo,extensao,tamanho_kb,tamanho_mb
app.js,.js,27.267578125,0.026628494262695312
dados/cards.json,.json,40.955078125,0.03999519348144531
dados/estado_serie.json,.json,19.4892578125,0.01903247833251953
dados/mapa_atributos.json,.json,16535.2265625,16.147682189941406
dados/mapa_municipios.geojson,.geojson,926.751953125,0.9050312042236328
dados/metadata.json,.json,1.1328125,0.00110626220703125
dados/pixel_manifest.json,.json,0.8125,0.00079345703125
dados/ranking_top20.json,.json,302.0791015625,0.2949991226196289
index.html,.html,11.77734375,0.011501312255859375
municipal_methodology.js,.js,10.177734375,0.009939193725585938
pixel.css,.css,12.5380859375,0.012244224548339844
pixel.js,.js,32.08984375,0.031337738037109375
pixels/gain_extent/gain_extent_10pct.png,.png,1614.48046875,1.5766410827636719
pixels/gain_extent/gain_extent_30pct.png,.png,1463.6845703125,1.4293794631958008
pixels/gain_extent/gain_extent_50pct.png,.png,1247.3232421875,1.2180891036987305
pixels/loss_extent/10pct/loss_extent_10pct_2001.png,.png,1597.974609375,1.5605220794677734
pixels/loss_extent/10pct/loss_extent_10pct_2002.png,.png,1603.375,1.5657958984375
pixels/loss_extent/10pct/loss_extent_10pct_2003.png,.png,1607.3330078125,1.5696611404418945
pixels/loss_extent/10pct/loss_extent_10pct_2004.png,.png,1606.984375,1.5693206787109375
pixels/loss_extent/10pct/loss_extent_10pct_2005.png,.png,1609.7822265625,1.5720529556274414
pixels/loss_extent/10pct/loss_extent_10pct_2006.png,.png,1611.58203125,1.5738105773925781
pixels/loss_extent/10pct/loss_extent_10pct_2007.png,.png,1613.259765625,1.575448989868164
pixels/loss_extent/10pct/loss_extent_10pct_2008.png,.png,1613.087890625,1.5752811431884766
pixels/loss_extent/10pct/loss_extent_10pct_2009.png,.png,1613.56640625,1.5757484436035156
pixels/loss_extent/10pct/loss_extent_10pct_2010.png,.png,1616.107421875,1.5782299041748047
pixels/loss_extent/10pct/loss_extent_10pct_2011.png,.png,1618.16796875,1.5802421569824219
pixels/loss_extent/10pct/loss_extent_10pct_2012.png,.png,1620.537109375,1.5825557708740234
pixels/loss_extent/10pct/loss_extent_10pct_2013.png,.png,1621.662109375,1.5836544036865234
pixels/loss_extent/10pct/loss_extent_10pct_2014.png,.png,1621.447265625,1.583444595336914
pixels/loss_extent/10pct/loss_extent_10pct_2015.png,.png,1619.791015625,1.581827163696289
pixels/loss_extent/10pct/loss_extent_10pct_2016.png,.png,1618.65625,1.580718994140625
pixels/loss_extent/10pct/loss_extent_10pct_2017.png,.png,1623.9150390625,1.5858545303344727
pixels/loss_extent/10pct/loss_extent_10pct_2018.png,.png,1620.5048828125,1.582524299621582
pixels/loss_extent/10pct/loss_extent_10pct_2019.png,.png,1620.2490234375,1.5822744369506836
pixels/loss_extent/10pct/loss_extent_10pct_2020.png,.png,1619.994140625,1.5820255279541016
pixels/loss_extent/10pct/loss_extent_10pct_2021.png,.png,1619.951171875,1.5819835662841797
pixels/loss_extent/10pct/loss_extent_10pct_2022.png,.png,1615.52734375,1.5776634216308594
pixels/loss_extent/10pct/loss_extent_10pct_2023.png,.png,1614.783203125,1.5769367218017578
pixels/loss_extent/10pct/loss_extent_10pct_2024.png,.png,1613.822265625,1.575998306274414
pixels/loss_extent/10pct/loss_extent_10pct_2025.png,.png,1613.380859375,1.5755672454833984
pixels/loss_extent/30pct/loss_extent_30pct_2001.png,.png,1451.6767578125,1.4176530838012695
pixels/loss_extent/30pct/loss_extent_30pct_2002.png,.png,1454.7490234375,1.4206533432006836
pixels/loss_extent/30pct/loss_extent_30pct_2003.png,.png,1456.76953125,1.4226264953613281
pixels/loss_extent/30pct/loss_extent_30pct_2004.png,.png,1460.4560546875,1.4262266159057617
pixels/loss_extent/30pct/loss_extent_30pct_2005.png,.png,1463.3388671875,1.429041862487793
pixels/loss_extent/30pct/loss_extent_30pct_2006.png,.png,1464.94140625,1.4306068420410156
pixels/loss_extent/30pct/loss_extent_30pct_2007.png,.png,1467.556640625,1.4331607818603516
pixels/loss_extent/30pct/loss_extent_30pct_2008.png,.png,1467.279296875,1.4328899383544922
pixels/loss_extent/30pct/loss_extent_30pct_2009.png,.png,1469.337890625,1.4349002838134766
pixels/loss_extent/30pct/loss_extent_30pct_2010.png,.png,1469.4140625,1.4349746704101562
pixels/loss_extent/30pct/loss_extent_30pct_2011.png,.png,1470.607421875,1.4361400604248047
pixels/loss_extent/30pct/loss_extent_30pct_2012.png,.png,1470.2509765625,1.4357919692993164
pixels/loss_extent/30pct/loss_extent_30pct_2013.png,.png,1470.380859375,1.4359188079833984
pixels/loss_extent/30pct/loss_extent_30pct_2014.png,.png,1471.8369140625,1.4373407363891602
pixels/loss_extent/30pct/loss_extent_30pct_2015.png,.png,1472.7490234375,1.4382314682006836
pixels/loss_extent/30pct/loss_extent_30pct_2016.png,.png,1470.123046875,1.4356670379638672
pixels/loss_extent/30pct/loss_extent_30pct_2017.png,.png,1467.8232421875,1.4334211349487305
pixels/loss_extent/30pct/loss_extent_30pct_2018.png,.png,1467.435546875,1.4330425262451172
pixels/loss_extent/30pct/loss_extent_30pct_2019.png,.png,1469.552734375,1.435110092163086
pixels/loss_extent/30pct/loss_extent_30pct_2020.png,.png,1467.3359375,1.4329452514648438
pixels/loss_extent/30pct/loss_extent_30pct_2021.png,.png,1467.8798828125,1.433476448059082
pixels/loss_extent/30pct/loss_extent_30pct_2022.png,.png,1466.8935546875,1.4325132369995117
pixels/loss_extent/30pct/loss_extent_30pct_2023.png,.png,1465.1279296875,1.4307889938354492
pixels/loss_extent/30pct/loss_extent_30pct_2024.png,.png,1463.1064453125,1.4288148880004883
pixels/loss_extent/30pct/loss_extent_30pct_2025.png,.png,1462.01953125,1.4277534484863281
pixels/loss_extent/50pct/loss_extent_50pct_2001.png,.png,1234.6357421875,1.2056989669799805
pixels/loss_extent/50pct/loss_extent_50pct_2002.png,.png,1237.943359375,1.2089290618896484
pixels/loss_extent/50pct/loss_extent_50pct_2003.png,.png,1241.8828125,1.2127761840820312
pixels/loss_extent/50pct/loss_extent_50pct_2004.png,.png,1245.0419921875,1.2158613204956055
pixels/loss_extent/50pct/loss_extent_50pct_2005.png,.png,1248.208984375,1.218954086303711
pixels/loss_extent/50pct/loss_extent_50pct_2006.png,.png,1248.984375,1.2197113037109375
pixels/loss_extent/50pct/loss_extent_50pct_2007.png,.png,1250.2021484375,1.220900535583496
pixels/loss_extent/50pct/loss_extent_50pct_2008.png,.png,1251.9052734375,1.2225637435913086
pixels/loss_extent/50pct/loss_extent_50pct_2009.png,.png,1251.8994140625,1.2225580215454102
pixels/loss_extent/50pct/loss_extent_50pct_2010.png,.png,1253.3076171875,1.223933219909668
pixels/loss_extent/50pct/loss_extent_50pct_2011.png,.png,1254.8564453125,1.2254457473754883
pixels/loss_extent/50pct/loss_extent_50pct_2012.png,.png,1255.8515625,1.2264175415039062
pixels/loss_extent/50pct/loss_extent_50pct_2013.png,.png,1254.5537109375,1.2251501083374023
pixels/loss_extent/50pct/loss_extent_50pct_2014.png,.png,1255.0439453125,1.2256288528442383
pixels/loss_extent/50pct/loss_extent_50pct_2015.png,.png,1254.810546875,1.2254009246826172
pixels/loss_extent/50pct/loss_extent_50pct_2016.png,.png,1254.4658203125,1.2250642776489258
pixels/loss_extent/50pct/loss_extent_50pct_2017.png,.png,1255.4384765625,1.2260141372680664
pixels/loss_extent/50pct/loss_extent_50pct_2018.png,.png,1257.607421875,1.2281322479248047
pixels/loss_extent/50pct/loss_extent_50pct_2019.png,.png,1256.0244140625,1.2265863418579102
pixels/loss_extent/50pct/loss_extent_50pct_2020.png,.png,1255.9150390625,1.2264795303344727
pixels/loss_extent/50pct/loss_extent_50pct_2021.png,.png,1254.9541015625,1.225541114807129
pixels/loss_extent/50pct/loss_extent_50pct_2022.png,.png,1256.443359375,1.2269954681396484
pixels/loss_extent/50pct/loss_extent_50pct_2023.png,.png,1251.5390625,1.2222061157226562
pixels/loss_extent/50pct/loss_extent_50pct_2024.png,.png,1251.044921875,1.2217235565185547
pixels/loss_extent/50pct/loss_extent_50pct_2025.png,.png,1252.2216796875,1.2228727340698242
pixels/pixel_layers.json,.json,7.35546875,0.007183074951171875
style.css,.css,11.2724609375,0.011008262634277344
